CREATE DATABASE ECOMMERCE;
USE ECOMMERCE;

CREATE TABLE CUSTOMERS(CUSTOMER_ID INT PRIMARY KEY, NAME VARCHAR(20), EMAIL VARCHAR(40), PASSWORD VARCHAR(20));

INSERT INTO CUSTOMERS VALUES(1, 'SNEHA', 'sneha@gmail.com', 'sneha123');
INSERT INTO CUSTOMERS VALUES(2, 'THARA', 'thara@gmail.com', 'thaea123');
INSERT INTO CUSTOMERS VALUES(3, 'SUPRAJA', 'supraja@gmail.com', 'supraja123');

SELECT * FROM CUSTOMERS;

CREATE TABLE PRODUCTS (PRODUCT_ID INT PRIMARY KEY,NAME VARCHAR(50),PRICE DECIMAL(10, 2),DESCRIPTION VARCHAR(50),STOCK_QUANTITY INT);

INSERT INTO PRODUCTS VALUES(1001, 'Laptop', 5000.99, 'High-performance laptop with advanced features ', 10);
INSERT INTO PRODUCTS VALUES(1002, 'Smartphone', 1500.99, 'Smartphone with a advanced camera', 50);
INSERT INTO PRODUCTS VALUES(1003, 'Headphones',1000.99, 'Comfortable headphones with crisp sound quality', 20);
INSERT INTO PRODUCTS VALUES(1004, 'Tablet', 1200.99, 'Portable tablet with a vibrant touchscreen', 22);
INSERT INTO PRODUCTS VALUES(1005, 'Wireless Mouse', 800.99, 'Wireless mouse for smooth and precise navigation', 20);

SELECT * FROM PRODUCTS;

CREATE TABLE CART(CART_ID INT PRIMARY KEY,CUSTOMER_ID INT ,PRODUCT_ID INT,QUANTITY INT ,FOREIGN KEY (CUSTOMER_ID) REFERENCES CUSTOMERS(CUSTOMER_ID),FOREIGN KEY (PRODUCT_ID) REFERENCES PRODUCTS(PRODUCT_ID));

INSERT INTO CART VALUES(2001, 1, 1001, 12);
INSERT INTO CART VALUES(2002, 3, 1002, 10);
INSERT INTO CART VALUES(2003, 2, 1003, 8);
INSERT INTO CART VALUES(2004, 2, 1002, 5);

SELECT * FROM CART;

CREATE TABLE ORDERS(ORDER_ID INT PRIMARY KEY,CUSTOMER_ID INT,ORDER_DATE DATE,TOTAL_PRICE  DECIMAL(10, 2),SHIPPING_ADDRESS VARCHAR(40),FOREIGN KEY (CUSTOMER_ID) REFERENCES CUSTOMERS(CUSTOMER_ID));

INSERT INTO ORDERS VALUES(3001, 1, '2024-03-06', 1779.97, 'No.32,Anna Nagar,Chennai');
INSERT INTO ORDERS VALUES(3002, 3, '2024-03-07', 1229.97, 'No.10,MG Road,Bangalore');
INSERT INTO ORDERS VALUES(3003, 2, '2024-03-04', 1329.97, 'No.54,Ravale,Mumbai');
INSERT INTO ORDERS VALUES(3004, 2, '2024-03-01', 3429.97, 'No.06,Agarsen Street,Delhi');

SELECT * FROM ORDERS;
 
CREATE TABLE ORDER_ITEMS(ORDER_ITEM_ID INT PRIMARY KEY,ORDER_ID INT,PRODUCT_ID INT,QUANTITY INT,FOREIGN KEY (ORDER_ID) REFERENCES ORDERS(ORDER_ID),FOREIGN KEY (PRODUCT_ID) REFERENCES PRODUCTS(PRODUCT_ID));

INSERT INTO ORDER_ITEMS VALUES(4001, 3001, 1002, 5);
INSERT INTO ORDER_ITEMS VALUES(4002, 3002, 1004, 1);
INSERT INTO ORDER_ITEMS VALUES(4003, 3003, 1002, 3);
INSERT INTO ORDER_ITEMS VALUES(4004, 3004, 1003, 1);

SELECT * FROM ORDER_ITEMS;
